resource_id,title,description,topics,format,difficulty,duration_minutes,duration_is_estimate,url,content,source
doc-numbers,Python numbers and arithmetic,Practise numeric expressions and assignment.,python_basics,reading,beginner,,false,https://docs.python.org/3/tutorial/introduction.html#numbers,,"Python Software Foundation tutorial; original catalogue annotation, checked 2026-09-01"
doc-text,Python text values,Explore strings and basic text operations.,python_basics,reading,beginner,,false,https://docs.python.org/3/tutorial/introduction.html#text,,"Python Software Foundation tutorial; original catalogue annotation, checked 2026-09-01"
doc-if,Conditional branches,Use conditions to choose program branches.,python_basics,reading,beginner,,false,https://docs.python.org/3/tutorial/controlflow.html#if-statements,,"Python Software Foundation tutorial; original catalogue annotation, checked 2026-09-01"
doc-for,Iterating with for,Read how sequence iteration works.,loops,reading,beginner,,false,https://docs.python.org/3/tutorial/controlflow.html#for-statements,,"Python Software Foundation tutorial; original catalogue annotation, checked 2026-09-01"
doc-range,Generating ranges,Understand the bounds of integer ranges.,loops,reading,beginner,,false,https://docs.python.org/3/tutorial/controlflow.html#the-range-function,,"Python Software Foundation tutorial; original catalogue annotation, checked 2026-09-01"
doc-break,Loop control,Study break and continue in loops.,loops,reading,intermediate,,false,https://docs.python.org/3/tutorial/controlflow.html#break-and-continue-statements,,"Python Software Foundation tutorial; original catalogue annotation, checked 2026-09-01"
doc-def,Defining functions,Learn function definitions and return values.,functions,reading,beginner,,false,https://docs.python.org/3/tutorial/controlflow.html#defining-functions,,"Python Software Foundation tutorial; original catalogue annotation, checked 2026-09-01"
doc-defaults,Default arguments,Explore default values for function parameters.,functions,reading,intermediate,,false,https://docs.python.org/3/tutorial/controlflow.html#default-argument-values,,"Python Software Foundation tutorial; original catalogue annotation, checked 2026-09-01"
doc-keywords,Keyword arguments,Call functions with named arguments.,functions,reading,intermediate,,false,https://docs.python.org/3/tutorial/controlflow.html#keyword-arguments,,"Python Software Foundation tutorial; original catalogue annotation, checked 2026-09-01"
doc-list-methods,Working with lists,Explore operations on mutable lists.,lists,reading,beginner,,false,https://docs.python.org/3/tutorial/datastructures.html#more-on-lists,,"Python Software Foundation tutorial; original catalogue annotation, checked 2026-09-01"
doc-comprehensions,List comprehensions,Build transformed lists using concise expressions.,lists,reading,intermediate,,false,https://docs.python.org/3/tutorial/datastructures.html#list-comprehensions,,"Python Software Foundation tutorial; original catalogue annotation, checked 2026-09-01"
doc-nested-lists,Nested comprehensions,Work through nested list transformations.,lists,reading,advanced,,false,https://docs.python.org/3/tutorial/datastructures.html#nested-list-comprehensions,,"Python Software Foundation tutorial; original catalogue annotation, checked 2026-09-01"
doc-dict,Dictionary operations,Look up and update key-value pairs.,dictionaries,reading,beginner,,false,https://docs.python.org/3/tutorial/datastructures.html#dictionaries,,"Python Software Foundation tutorial; original catalogue annotation, checked 2026-09-01"
doc-items,Iterating over mappings,Iterate through keys and associated values.,dictionaries,reading,intermediate,,false,https://docs.python.org/3/tutorial/datastructures.html#looping-techniques,,"Python Software Foundation tutorial; original catalogue annotation, checked 2026-09-01"
doc-exception-types,Understanding exceptions,Recognise errors raised during execution.,exceptions,reading,beginner,,false,https://docs.python.org/3/tutorial/errors.html#exceptions,,"Python Software Foundation tutorial; original catalogue annotation, checked 2026-09-01"
doc-try,Handling exceptions,Handle expected errors with try and except.,exceptions,reading,beginner,,false,https://docs.python.org/3/tutorial/errors.html#handling-exceptions,,"Python Software Foundation tutorial; original catalogue annotation, checked 2026-09-01"
doc-raise,Raising exceptions,Signal exceptional conditions explicitly.,exceptions,reading,intermediate,,false,https://docs.python.org/3/tutorial/errors.html#raising-exceptions,,"Python Software Foundation tutorial; original catalogue annotation, checked 2026-09-01"
doc-finally,Cleanup after exceptions,Use finally for cleanup logic.,exceptions,reading,intermediate,,false,https://docs.python.org/3/tutorial/errors.html#defining-clean-up-actions,,"Python Software Foundation tutorial; original catalogue annotation, checked 2026-09-01"
exercise-variables,Convert minutes to hours,Write a program that converts 135 minutes into whole hours and remaining minutes.,python_basics,exercise,beginner,5,true,,Write a program that converts 135 minutes into whole hours and remaining minutes. Expected values: 2 and 15. Try a second input of 59 minutes.,Original exercise authored for this prototype; duration and level are curator estimates
exercise-strings,Make a greeting,Store a first and last name in two variables.,python_basics,exercise,beginner,5,true,,Store a first and last name in two variables. Build a greeting with an f-string. Check names containing spaces and an empty first name.,Original exercise authored for this prototype; duration and level are curator estimates
exercise-loop-sum,Sum selected numbers,Use a for loop to add the even numbers from 2 through 12 inclusive.,loops,exercise,beginner,8,true,,Use a for loop to add the even numbers from 2 through 12 inclusive. Print 42. Do not use sum() in your first solution.,Original exercise authored for this prototype; duration and level are curator estimates
exercise-loop-grid,Build a multiplication grid,Use nested loops to print the products of row and column numbers from 1 through 3.,loops,exercise,intermediate,12,true,,Use nested loops to print the products of row and column numbers from 1 through 3. Check that the middle entry is 4 and the final entry is 9.,Original exercise authored for this prototype; duration and level are curator estimates
exercise-function-total,Write a total-price function,"Define total_price(unit_price, quantity) and return their product.",functions,exercise,beginner,8,true,,"Define total_price(unit_price, quantity) and return their product. Check total_price(3, 4) == 12 and total_price(3, 0) == 0. Return the value instead of only printing it.",Original exercise authored for this prototype; duration and level are curator estimates
exercise-function-default,Add a default parameter,"Define greet(name, punctuation=""!"").",functions,exercise,intermediate,10,true,,"Define greet(name, punctuation=""!""). Return a greeting using both parameters. Compare greet(""Asha"") with greet(""Asha"", ""?""). Explain why the results differ.",Original exercise authored for this prototype; duration and level are curator estimates
exercise-list-update,Update a shopping list,"Start with [""rice"", ""tea""].",lists,exercise,beginner,6,true,,"Start with [""rice"", ""tea""]. Append ""milk"", replace ""tea"" with ""coffee"", and print the final list. Check that its length is 3.",Original exercise authored for this prototype; duration and level are curator estimates
exercise-list-filter,Filter a list of scores,"Given [32, 75, 48, 91], create a new list containing scores of at least 50.",lists,exercise,intermediate,10,true,,"Given [32, 75, 48, 91], create a new list containing scores of at least 50. Solve first with a loop and then with a list comprehension. Both should produce [75, 91].",Original exercise authored for this prototype; duration and level are curator estimates
exercise-dict-lookup,Look up a stock count,"Create {""pens"": 4, ""books"": 2}.",dictionaries,exercise,beginner,6,true,,"Create {""pens"": 4, ""books"": 2}. Read the pen count, update it to 7, then use get() to read a missing item with a default of 0.",Original exercise authored for this prototype; duration and level are curator estimates
exercise-dict-count,Count repeated words,"Count occurrences in [""red"", ""blue"", ""red"", ""green""].",dictionaries,exercise,intermediate,12,true,,"Count occurrences in [""red"", ""blue"", ""red"", ""green""]. Use a dictionary and a loop. The result should contain red: 2, blue: 1 and green: 1.",Original exercise authored for this prototype; duration and level are curator estimates
exercise-handle-number,Handle an invalid number,"Convert each of [""18"", ""oops"", ""5""] to an integer inside a loop.",exceptions,exercise,beginner,8,true,,"Convert each of [""18"", ""oops"", ""5""] to an integer inside a loop. Catch ValueError and continue. Confirm that the valid values are still processed.",Original exercise authored for this prototype; duration and level are curator estimates
exercise-validate-age,Validate a function argument,Write validate_age(age) that raises ValueError for negative ages and returns the age otherwise.,exceptions,exercise,intermediate,10,true,,"Write validate_age(age) that raises ValueError for negative ages and returns the age otherwise. Handle the error in a caller and test -1, 0 and 20.",Original exercise authored for this prototype; duration and level are curator estimates
